1605490144|500 SAT Reading, Writing and Language Questions to Know|1|1|0|0|0|0|0|0|0
3443237542|sách Cambridge Grammar for IELTS with Answers|1|1|0|0|0|0|0|0|0
2120318239| Collins Get Ready for IELTS Writing - Pre-Intermediate A2+ (Sách đen trắng)|1|1|0|0|0|0|0|0|0
1846155874|Collins Get Ready for IELTS Listening - Pre-intermediate A2+ (Sách đen trắng)|0|1|1|0|0|0|0|0|0
3511158220|NEW ECONOMY TOEIC 1000 LC (Sách đen trắng)|1|1|0|0|0|0|0|0|0
1582323781|Tiếng Hàn Tổng Hợp 6 (Kèm file nghe - Sách đen trắng) (Sách gia công, Bìa mềm)|1|1|0|0|0|0|0|0|0
1565551051| Tiếng Hàn Tổng Hợp 5 (Kèm file nghe - Sách đen trắng)|1|1|0|0|0|0|0|0|0
276458946|Tiếng Hàn Tổng Hợp 1 (Kèm file nghe - Sách đen trắng)|1|1|0|0|0|0|0|0|0
2324122088|Shinkanzen N4 Trọn Bộ 4 quyển giá tốt nhất|1|1|0|0|0|0|0|0|0
3185134967|Minna no Nihongo Sơ Cấp 2 (Bản Mới) – Bản Dịch và Giải Thích Ngữ Pháp 2|1|1|0|0|0|0|0|0|0
2095877875| Chia sẻ qua   Email cho bạn bè Combo 8 cuốn: Minna no Nihongo Sơ cấp 1 (Bản Mới|1|1|0|0|0|0|0|0|0
1200098921|1223|1|1|0|0|0|0|0|0|0
1741358827|Effective Rust 35 Specific - Hanoi Bookstore|1|1|1|0|0|0|0|0|0
1437170947|Building a Cyber Risk Management Program - Hanoi Bookstore|0|1|0|1|0|0|0|0|0
